repository,owner,name,stars,previous,delta,status
cbartondock/academicpages.github.io,cbartondock,academicpages.github.io,0,,0,new
cbartondock/chaos,cbartondock,chaos,1,,0,new
cbartondock/discordBadge,cbartondock,discordBadge,0,,0,new
cbartondock/enes106_diagrams,cbartondock,enes106_diagrams,0,,0,new
cbartondock/flu_trends,cbartondock,flu_trends,0,,0,new
cbartondock/image-size,cbartondock,image-size,0,,0,new
cbartondock/learning,cbartondock,learning,0,,0,new
cbartondock/LipschitzAnalysisofGenPR,cbartondock,LipschitzAnalysisofGenPR,0,,0,new
cbartondock/node-binary-vdf,cbartondock,node-binary-vdf,3,,0,new
cbartondock/PortableEnv,cbartondock,PortableEnv,2,,0,new
cbartondock/prevbaseautomation,cbartondock,prevbaseautomation,0,,0,new
cbartondock/Python-Server-Stuff,cbartondock,Python-Server-Stuff,0,,0,new
cbartondock/QualityCheckFork,cbartondock,QualityCheckFork,0,,0,new
cbartondock/Raspberry-Pi-Project,cbartondock,Raspberry-Pi-Project,0,,0,new
cbartondock/riemann-sphere,cbartondock,riemann-sphere,1,,0,new
cbartondock/rubyapp,cbartondock,rubyapp,0,,0,new
cbartondock/sample_app,cbartondock,sample_app,0,,0,new
cbartondock/skew_stuff,cbartondock,skew_stuff,0,,0,new
cbartondock/tak-concept-art,cbartondock,tak-concept-art,1,,0,new
cbartondock/Windwaker,cbartondock,Windwaker,2,,0,new
EmADgine/quomp,EmADgine,quomp,0,,0,new
SteamGridDB/steam-rom-manager,SteamGridDB,steam-rom-manager,2478,,0,new
stephan-x-liu/sublimechat,stephan-x-liu,sublimechat,1,,0,new